id,date,store_nbr,family,sales,onpromotion
0,2024-01-01,1,GROCERY,191.04,3
1,2024-01-01,1,PRODUCE,83.78,0
2,2024-01-01,1,DAIRY,66.15,0
3,2024-01-01,1,HOUSEHOLD,43.66,0
4,2024-01-01,2,GROCERY,194.97,0
5,2024-01-01,2,PRODUCE,44.12,0
6,2024-01-01,2,DAIRY,87.43,0
7,2024-01-01,2,HOUSEHOLD,32.84,0
8,2024-01-01,3,GROCERY,227.91,0
9,2024-01-01,3,PRODUCE,136.03,0
10,2024-01-01,3,DAIRY,101.58,0
11,2024-01-01,3,HOUSEHOLD,74.62,0
12,2024-01-02,1,GROCERY,174.91,0
13,2024-01-02,1,PRODUCE,94.06,0
14,2024-01-02,1,DAIRY,58.58,0
15,2024-01-02,1,HOUSEHOLD,13.93,0
16,2024-01-02,2,GROCERY,204.02,0
17,2024-01-02,2,PRODUCE,167.83,0
18,2024-01-02,2,DAIRY,83.19,0
19,2024-01-02,2,HOUSEHOLD,36.28,0
20,2024-01-02,3,GROCERY,249.14,0
21,2024-01-02,3,PRODUCE,54.46,0
22,2024-01-02,3,DAIRY,92.1,0
23,2024-01-02,3,HOUSEHOLD,57.82,0
24,2024-01-03,1,GROCERY,179.28,0
25,2024-01-03,1,PRODUCE,81.47,0
26,2024-01-03,1,DAIRY,72.2,0
27,2024-01-03,1,HOUSEHOLD,35.86,0
28,2024-01-03,2,GROCERY,216.95,0
29,2024-01-03,2,PRODUCE,61.12,0
30,2024-01-03,2,DAIRY,91.09,0
31,2024-01-03,2,HOUSEHOLD,6.44,0
32,2024-01-03,3,GROCERY,160.7,0
33,2024-01-03,3,PRODUCE,98.61,0
34,2024-01-03,3,DAIRY,81.56,0
35,2024-01-03,3,HOUSEHOLD,67.53,0
36,2024-01-04,1,GROCERY,175.35,0
37,2024-01-04,1,PRODUCE,46.23,0
38,2024-01-04,1,DAIRY,77.99,0
39,2024-01-04,1,HOUSEHOLD,14.17,0
40,2024-01-04,2,GROCERY,196.44,0
41,2024-01-04,2,PRODUCE,97.31,0
42,2024-01-04,2,DAIRY,84.41,0
43,2024-01-04,2,HOUSEHOLD,55.97,0
44,2024-01-04,3,GROCERY,252.56,0
45,2024-01-04,3,PRODUCE,148.56,0
46,2024-01-04,3,DAIRY,109.18,0
47,2024-01-04,3,HOUSEHOLD,51.86,3
48,2024-01-05,1,GROCERY,150.31,0
49,2024-01-05,1,PRODUCE,64.39,0
50,2024-01-05,1,DAIRY,62.0,0
51,2024-01-05,1,HOUSEHOLD,40.28,0
52,2024-01-05,2,GROCERY,192.7,0
53,2024-01-05,2,PRODUCE,213.48,0
54,2024-01-05,2,DAIRY,70.57,0
55,2024-01-05,2,HOUSEHOLD,13.75,3
56,2024-01-05,3,GROCERY,256.43,0
57,2024-01-05,3,PRODUCE,204.62,0
58,2024-01-05,3,DAIRY,128.08,3
59,2024-01-05,3,HOUSEHOLD,59.97,3
60,2024-01-06,1,GROCERY,228.62,0
61,2024-01-06,1,PRODUCE,104.37,0
62,2024-01-06,1,DAIRY,60.5,0
63,2024-01-06,1,HOUSEHOLD,24.16,3
64,2024-01-06,2,GROCERY,265.87,0
65,2024-01-06,2,PRODUCE,56.01,0
66,2024-01-06,2,DAIRY,120.02,3
67,2024-01-06,2,HOUSEHOLD,47.57,3
68,2024-01-06,3,GROCERY,271.29,0
69,2024-01-06,3,PRODUCE,242.39,3
70,2024-01-06,3,DAIRY,155.72,3
71,2024-01-06,3,HOUSEHOLD,124.83,0
72,2024-01-07,1,GROCERY,209.91,0
73,2024-01-07,1,PRODUCE,82.08,0
74,2024-01-07,1,DAIRY,87.81,3
75,2024-01-07,1,HOUSEHOLD,18.55,3
76,2024-01-07,2,GROCERY,266.07,0
77,2024-01-07,2,PRODUCE,123.1,3
78,2024-01-07,2,DAIRY,117.88,3
79,2024-01-07,2,HOUSEHOLD,65.57,0
80,2024-01-07,3,GROCERY,309.25,3
81,2024-01-07,3,PRODUCE,166.04,3
82,2024-01-07,3,DAIRY,78.61,0
83,2024-01-07,3,HOUSEHOLD,22.2,0
84,2024-01-08,1,GROCERY,151.84,0
85,2024-01-08,1,PRODUCE,126.7,3
86,2024-01-08,1,DAIRY,98.98,3
87,2024-01-08,1,HOUSEHOLD,31.36,0
88,2024-01-08,2,GROCERY,246.48,3
89,2024-01-08,2,PRODUCE,141.69,3
90,2024-01-08,2,DAIRY,99.18,0
91,2024-01-08,2,HOUSEHOLD,57.75,0
92,2024-01-08,3,GROCERY,291.71,3
93,2024-01-08,3,PRODUCE,77.88,0
94,2024-01-08,3,DAIRY,114.02,0
95,2024-01-08,3,HOUSEHOLD,55.36,0
96,2024-01-09,1,GROCERY,224.51,3
97,2024-01-09,1,PRODUCE,107.42,3
98,2024-01-09,1,DAIRY,91.84,0
99,2024-01-09,1,HOUSEHOLD,25.45,0
100,2024-01-09,2,GROCERY,284.91,3
101,2024-01-09,2,PRODUCE,115.83,0
102,2024-01-09,2,DAIRY,75.33,0
103,2024-01-09,2,HOUSEHOLD,14.7,0
104,2024-01-09,3,GROCERY,231.29,0
105,2024-01-09,3,PRODUCE,205.37,0
106,2024-01-09,3,DAIRY,112.57,0
107,2024-01-09,3,HOUSEHOLD,63.16,0
108,2024-01-10,1,GROCERY,140.02,3
109,2024-01-10,1,PRODUCE,116.46,0
110,2024-01-10,1,DAIRY,74.81,0
111,2024-01-10,1,HOUSEHOLD,22.14,0
112,2024-01-10,2,GROCERY,184.47,0
113,2024-01-10,2,PRODUCE,110.72,0
114,2024-01-10,2,DAIRY,108.93,0
115,2024-01-10,2,HOUSEHOLD,16.28,0
116,2024-01-10,3,GROCERY,223.65,0
117,2024-01-10,3,PRODUCE,202.32,0
118,2024-01-10,3,DAIRY,90.34,0
119,2024-01-10,3,HOUSEHOLD,36.66,0
120,2024-01-11,1,GROCERY,165.27,0
121,2024-01-11,1,PRODUCE,45.69,0
122,2024-01-11,1,DAIRY,70.76,0
123,2024-01-11,1,HOUSEHOLD,10.63,0
124,2024-01-11,2,GROCERY,220.86,0
125,2024-01-11,2,PRODUCE,111.06,0
126,2024-01-11,2,DAIRY,117.38,0
127,2024-01-11,2,HOUSEHOLD,44.82,0
128,2024-01-11,3,GROCERY,274.62,0
129,2024-01-11,3,PRODUCE,62.75,0
130,2024-01-11,3,DAIRY,96.15,0
131,2024-01-11,3,HOUSEHOLD,54.03,0
132,2024-01-12,1,GROCERY,197.73,0
133,2024-01-12,1,PRODUCE,29.76,0
134,2024-01-12,1,DAIRY,80.27,0
135,2024-01-12,1,HOUSEHOLD,42.13,0
136,2024-01-12,2,GROCERY,236.59,0
137,2024-01-12,2,PRODUCE,142.64,0
138,2024-01-12,2,DAIRY,84.04,0
139,2024-01-12,2,HOUSEHOLD,27.71,0
140,2024-01-12,3,GROCERY,200.77,0
141,2024-01-12,3,PRODUCE,141.45,0
142,2024-01-12,3,DAIRY,95.0,0
143,2024-01-12,3,HOUSEHOLD,96.94,0
144,2024-01-13,1,GROCERY,181.95,0
145,2024-01-13,1,PRODUCE,123.06,0
146,2024-01-13,1,DAIRY,58.71,0
147,2024-01-13,1,HOUSEHOLD,29.87,0
148,2024-01-13,2,GROCERY,247.5,0
149,2024-01-13,2,PRODUCE,177.26,0
150,2024-01-13,2,DAIRY,126.05,0
151,2024-01-13,2,HOUSEHOLD,45.53,0
152,2024-01-13,3,GROCERY,245.58,0
153,2024-01-13,3,PRODUCE,186.42,0
154,2024-01-13,3,DAIRY,129.17,0
155,2024-01-13,3,HOUSEHOLD,63.05,3
156,2024-01-14,1,GROCERY,179.99,0
157,2024-01-14,1,PRODUCE,158.66,0
158,2024-01-14,1,DAIRY,83.17,0
159,2024-01-14,1,HOUSEHOLD,52.92,0
160,2024-01-14,2,GROCERY,276.89,0
161,2024-01-14,2,PRODUCE,165.95,0
162,2024-01-14,2,DAIRY,105.23,0
163,2024-01-14,2,HOUSEHOLD,91.8,3
164,2024-01-14,3,GROCERY,292.14,0
165,2024-01-14,3,PRODUCE,139.02,0
166,2024-01-14,3,DAIRY,144.78,3
167,2024-01-14,3,HOUSEHOLD,90.18,3
168,2024-01-15,1,GROCERY,166.22,0
169,2024-01-15,1,PRODUCE,109.97,0
170,2024-01-15,1,DAIRY,82.99,0
171,2024-01-15,1,HOUSEHOLD,20.59,3
172,2024-01-15,2,GROCERY,158.81,0
173,2024-01-15,2,PRODUCE,124.61,0
174,2024-01-15,2,DAIRY,104.3,3
175,2024-01-15,2,HOUSEHOLD,23.33,3
176,2024-01-15,3,GROCERY,261.48,0
177,2024-01-15,3,PRODUCE,196.17,3
178,2024-01-15,3,DAIRY,97.17,3
179,2024-01-15,3,HOUSEHOLD,59.15,0
180,2024-01-16,1,GROCERY,160.17,0
181,2024-01-16,1,PRODUCE,37.07,0
182,2024-01-16,1,DAIRY,88.7,3
183,2024-01-16,1,HOUSEHOLD,27.99,3
184,2024-01-16,2,GROCERY,182.55,0
185,2024-01-16,2,PRODUCE,161.61,3
186,2024-01-16,2,DAIRY,109.04,3
187,2024-01-16,2,HOUSEHOLD,26.6,0
188,2024-01-16,3,GROCERY,297.97,3
189,2024-01-16,3,PRODUCE,222.08,3
190,2024-01-16,3,DAIRY,86.06,0
191,2024-01-16,3,HOUSEHOLD,55.72,0
192,2024-01-17,1,GROCERY,164.21,0
193,2024-01-17,1,PRODUCE,208.64,3
194,2024-01-17,1,DAIRY,54.57,3
195,2024-01-17,1,HOUSEHOLD,44.13,0
196,2024-01-17,2,GROCERY,231.92,3
197,2024-01-17,2,PRODUCE,128.4,3
198,2024-01-17,2,DAIRY,112.22,0
199,2024-01-17,2,HOUSEHOLD,38.83,0
200,2024-01-17,3,GROCERY,361.06,3
201,2024-01-17,3,PRODUCE,108.44,0
202,2024-01-17,3,DAIRY,105.03,0
203,2024-01-17,3,HOUSEHOLD,33.66,0
204,2024-01-18,1,GROCERY,180.81,3
205,2024-01-18,1,PRODUCE,112.27,3
206,2024-01-18,1,DAIRY,64.97,0
207,2024-01-18,1,HOUSEHOLD,35.5,0
208,2024-01-18,2,GROCERY,180.1,3
209,2024-01-18,2,PRODUCE,200.92,0
210,2024-01-18,2,DAIRY,81.15,0
211,2024-01-18,2,HOUSEHOLD,76.47,0
212,2024-01-18,3,GROCERY,208.63,0
213,2024-01-18,3,PRODUCE,147.27,0
214,2024-01-18,3,DAIRY,155.21,0
215,2024-01-18,3,HOUSEHOLD,24.07,0
216,2024-01-19,1,GROCERY,161.91,3
217,2024-01-19,1,PRODUCE,71.38,0
218,2024-01-19,1,DAIRY,74.34,0
219,2024-01-19,1,HOUSEHOLD,44.16,0
220,2024-01-19,2,GROCERY,232.09,0
221,2024-01-19,2,PRODUCE,100.17,0
222,2024-01-19,2,DAIRY,59.59,0
223,2024-01-19,2,HOUSEHOLD,29.73,0
224,2024-01-19,3,GROCERY,272.86,0
225,2024-01-19,3,PRODUCE,156.53,0
226,2024-01-19,3,DAIRY,64.1,0
227,2024-01-19,3,HOUSEHOLD,45.29,0
228,2024-01-20,1,GROCERY,230.61,0
229,2024-01-20,1,PRODUCE,203.03,0
230,2024-01-20,1,DAIRY,90.6,0
231,2024-01-20,1,HOUSEHOLD,44.93,0
232,2024-01-20,2,GROCERY,205.44,0
233,2024-01-20,2,PRODUCE,88.86,0
234,2024-01-20,2,DAIRY,101.42,0
235,2024-01-20,2,HOUSEHOLD,59.92,0
236,2024-01-20,3,GROCERY,305.11,0
237,2024-01-20,3,PRODUCE,128.16,0
238,2024-01-20,3,DAIRY,94.21,0
239,2024-01-20,3,HOUSEHOLD,31.74,0
240,2024-01-21,1,GROCERY,170.2,0
241,2024-01-21,1,PRODUCE,138.06,0
242,2024-01-21,1,DAIRY,48.08,0
243,2024-01-21,1,HOUSEHOLD,31.39,0
244,2024-01-21,2,GROCERY,254.6,0
245,2024-01-21,2,PRODUCE,215.9,0
246,2024-01-21,2,DAIRY,101.94,0
247,2024-01-21,2,HOUSEHOLD,72.84,0
248,2024-01-21,3,GROCERY,271.81,0
249,2024-01-21,3,PRODUCE,111.38,0
250,2024-01-21,3,DAIRY,104.51,0
251,2024-01-21,3,HOUSEHOLD,102.14,0
252,2024-01-22,1,GROCERY,184.5,0
253,2024-01-22,1,PRODUCE,109.43,0
254,2024-01-22,1,DAIRY,109.85,0
255,2024-01-22,1,HOUSEHOLD,31.48,0
256,2024-01-22,2,GROCERY,216.46,0
257,2024-01-22,2,PRODUCE,125.7,0
258,2024-01-22,2,DAIRY,80.59,0
259,2024-01-22,2,HOUSEHOLD,89.08,0
260,2024-01-22,3,GROCERY,281.14,0
261,2024-01-22,3,PRODUCE,58.23,0
262,2024-01-22,3,DAIRY,92.07,0
263,2024-01-22,3,HOUSEHOLD,51.48,3
264,2024-01-23,1,GROCERY,180.47,0
265,2024-01-23,1,PRODUCE,42.22,0
266,2024-01-23,1,DAIRY,40.83,0
267,2024-01-23,1,HOUSEHOLD,0,0
268,2024-01-23,2,GROCERY,199.91,0
269,2024-01-23,2,PRODUCE,107.39,0
270,2024-01-23,2,DAIRY,89.23,0
271,2024-01-23,2,HOUSEHOLD,20.35,3
272,2024-01-23,3,GROCERY,203.28,0
273,2024-01-23,3,PRODUCE,25.26,0
274,2024-01-23,3,DAIRY,126.2,3
275,2024-01-23,3,HOUSEHOLD,50.19,3
276,2024-01-24,1,GROCERY,184.78,0
277,2024-01-24,1,PRODUCE,120.74,0
278,2024-01-24,1,DAIRY,66.43,0
279,2024-01-24,1,HOUSEHOLD,50.33,3
280,2024-01-24,2,GROCERY,198.49,0
281,2024-01-24,2,PRODUCE,82.47,0
282,2024-01-24,2,DAIRY,91.44,3
283,2024-01-24,2,HOUSEHOLD,23.96,3
284,2024-01-24,3,GROCERY,176.51,0
285,2024-01-24,3,PRODUCE,168.93,3
286,2024-01-24,3,DAIRY,124.61,3
287,2024-01-24,3,HOUSEHOLD,37.13,0
288,2024-01-25,1,GROCERY,151.09,0
289,2024-01-25,1,PRODUCE,105.45,0
290,2024-01-25,1,DAIRY,108.15,3
291,2024-01-25,1,HOUSEHOLD,29.53,3
292,2024-01-25,2,GROCERY,189.66,0
293,2024-01-25,2,PRODUCE,102.79,3
294,2024-01-25,2,DAIRY,99.71,3
295,2024-01-25,2,HOUSEHOLD,11.95,0
296,2024-01-25,3,GROCERY,282.11,3
297,2024-01-25,3,PRODUCE,163.01,3
298,2024-01-25,3,DAIRY,132.47,0
299,2024-01-25,3,HOUSEHOLD,70.49,0
300,2024-01-26,1,GROCERY,185.9,0
301,2024-01-26,1,PRODUCE,78.81,3
302,2024-01-26,1,DAIRY,92.66,3
303,2024-01-26,1,HOUSEHOLD,12.01,0
304,2024-01-26,2,GROCERY,251.63,3
305,2024-01-26,2,PRODUCE,157.32,3
306,2024-01-26,2,DAIRY,72.6,0
307,2024-01-26,2,HOUSEHOLD,82.52,0
308,2024-01-26,3,GROCERY,306.17,3
309,2024-01-26,3,PRODUCE,31.71,0
310,2024-01-26,3,DAIRY,109.44,0
311,2024-01-26,3,HOUSEHOLD,36.04,0
312,2024-01-27,1,GROCERY,238.37,3
313,2024-01-27,1,PRODUCE,157.08,3
314,2024-01-27,1,DAIRY,88.57,0
315,2024-01-27,1,HOUSEHOLD,0,0
316,2024-01-27,2,GROCERY,250.81,3
317,2024-01-27,2,PRODUCE,176.54,0
318,2024-01-27,2,DAIRY,124.83,0
319,2024-01-27,2,HOUSEHOLD,96.61,0
320,2024-01-27,3,GROCERY,348.96,0
321,2024-01-27,3,PRODUCE,28.34,0
322,2024-01-27,3,DAIRY,136.09,0
323,2024-01-27,3,HOUSEHOLD,0,0
324,2024-01-28,1,GROCERY,284.72,3
325,2024-01-28,1,PRODUCE,121.62,0
326,2024-01-28,1,DAIRY,65.81,0
327,2024-01-28,1,HOUSEHOLD,81.38,0
328,2024-01-28,2,GROCERY,261.72,0
329,2024-01-28,2,PRODUCE,32.87,0
330,2024-01-28,2,DAIRY,106.57,0
331,2024-01-28,2,HOUSEHOLD,28.24,0
332,2024-01-28,3,GROCERY,290.95,0
333,2024-01-28,3,PRODUCE,129.83,0
334,2024-01-28,3,DAIRY,149.21,0
335,2024-01-28,3,HOUSEHOLD,12.13,0
336,2024-01-29,1,GROCERY,172.09,0
337,2024-01-29,1,PRODUCE,158.93,0
338,2024-01-29,1,DAIRY,58.79,0
339,2024-01-29,1,HOUSEHOLD,35.97,0
340,2024-01-29,2,GROCERY,207.53,0
341,2024-01-29,2,PRODUCE,81.51,0
342,2024-01-29,2,DAIRY,94.27,0
343,2024-01-29,2,HOUSEHOLD,41.5,0
344,2024-01-29,3,GROCERY,212.34,0
345,2024-01-29,3,PRODUCE,226.8,0
346,2024-01-29,3,DAIRY,113.99,0
347,2024-01-29,3,HOUSEHOLD,42.28,0
348,2024-01-30,1,GROCERY,153.24,0
349,2024-01-30,1,PRODUCE,63.26,0
350,2024-01-30,1,DAIRY,84.45,0
351,2024-01-30,1,HOUSEHOLD,29.66,0
352,2024-01-30,2,GROCERY,213.97,0
353,2024-01-30,2,PRODUCE,104.35,0
354,2024-01-30,2,DAIRY,93.87,0
355,2024-01-30,2,HOUSEHOLD,36.92,0
356,2024-01-30,3,GROCERY,261.62,0
357,2024-01-30,3,PRODUCE,123.38,0
358,2024-01-30,3,DAIRY,114.77,0
359,2024-01-30,3,HOUSEHOLD,63.83,0
360,2024-01-31,1,GROCERY,163.73,0
361,2024-01-31,1,PRODUCE,60.52,0
362,2024-01-31,1,DAIRY,57.48,0
363,2024-01-31,1,HOUSEHOLD,19.13,0
364,2024-01-31,2,GROCERY,178.97,0
365,2024-01-31,2,PRODUCE,151.8,0
366,2024-01-31,2,DAIRY,83.85,0
367,2024-01-31,2,HOUSEHOLD,73.54,0
368,2024-01-31,3,GROCERY,305.45,0
369,2024-01-31,3,PRODUCE,134.54,0
370,2024-01-31,3,DAIRY,72.09,0
371,2024-01-31,3,HOUSEHOLD,33.17,3
372,2024-02-01,1,GROCERY,164.68,0
373,2024-02-01,1,PRODUCE,37.36,0
374,2024-02-01,1,DAIRY,66.12,0
375,2024-02-01,1,HOUSEHOLD,37.41,0
376,2024-02-01,2,GROCERY,191.92,0
377,2024-02-01,2,PRODUCE,78.16,0
378,2024-02-01,2,DAIRY,73.07,0
379,2024-02-01,2,HOUSEHOLD,70.47,3
380,2024-02-01,3,GROCERY,235.45,0
381,2024-02-01,3,PRODUCE,89.09,0
382,2024-02-01,3,DAIRY,111.97,3
383,2024-02-01,3,HOUSEHOLD,64.06,3
384,2024-02-02,1,GROCERY,152.65,0
385,2024-02-02,1,PRODUCE,110.21,0
386,2024-02-02,1,DAIRY,78.38,0
387,2024-02-02,1,HOUSEHOLD,41.1,3
388,2024-02-02,2,GROCERY,237.42,0
389,2024-02-02,2,PRODUCE,88.07,0
390,2024-02-02,2,DAIRY,122.36,3
391,2024-02-02,2,HOUSEHOLD,20.06,3
392,2024-02-02,3,GROCERY,228.81,0
393,2024-02-02,3,PRODUCE,236.79,3
394,2024-02-02,3,DAIRY,137.9,3
395,2024-02-02,3,HOUSEHOLD,46.77,0
396,2024-02-03,1,GROCERY,171.19,0
397,2024-02-03,1,PRODUCE,135.9,0
398,2024-02-03,1,DAIRY,88.54,3
399,2024-02-03,1,HOUSEHOLD,17.19,3
400,2024-02-03,2,GROCERY,225.15,0
401,2024-02-03,2,PRODUCE,178.8,3
402,2024-02-03,2,DAIRY,75.46,3
403,2024-02-03,2,HOUSEHOLD,56.89,0
404,2024-02-03,3,GROCERY,353.45,3
405,2024-02-03,3,PRODUCE,147.38,3
406,2024-02-03,3,DAIRY,142.66,0
407,2024-02-03,3,HOUSEHOLD,74.97,0
408,2024-02-04,1,GROCERY,185.36,0
409,2024-02-04,1,PRODUCE,97.55,3
410,2024-02-04,1,DAIRY,112.46,3
411,2024-02-04,1,HOUSEHOLD,6.46,0
412,2024-02-04,2,GROCERY,281.5,3
413,2024-02-04,2,PRODUCE,121.77,3
414,2024-02-04,2,DAIRY,103.09,0
415,2024-02-04,2,HOUSEHOLD,53.03,0
416,2024-02-04,3,GROCERY,348.04,3
417,2024-02-04,3,PRODUCE,233.24,0
418,2024-02-04,3,DAIRY,125.25,0
419,2024-02-04,3,HOUSEHOLD,46.42,0
420,2024-02-05,1,GROCERY,171.0,3
421,2024-02-05,1,PRODUCE,143.24,3
422,2024-02-05,1,DAIRY,76.07,0
423,2024-02-05,1,HOUSEHOLD,58.29,0
424,2024-02-05,2,GROCERY,222.6,3
425,2024-02-05,2,PRODUCE,114.4,0
426,2024-02-05,2,DAIRY,84.01,0
427,2024-02-05,2,HOUSEHOLD,37.71,0
428,2024-02-05,3,GROCERY,241.13,0
429,2024-02-05,3,PRODUCE,42.04,0
430,2024-02-05,3,DAIRY,115.24,0
431,2024-02-05,3,HOUSEHOLD,63.65,0
432,2024-02-06,1,GROCERY,227.39,3
433,2024-02-06,1,PRODUCE,176.11,0
434,2024-02-06,1,DAIRY,65.53,0
435,2024-02-06,1,HOUSEHOLD,31.8,0
436,2024-02-06,2,GROCERY,204.18,0
437,2024-02-06,2,PRODUCE,201.32,0
438,2024-02-06,2,DAIRY,58.5,0
439,2024-02-06,2,HOUSEHOLD,50.25,0
440,2024-02-06,3,GROCERY,198.48,0
441,2024-02-06,3,PRODUCE,0,0
442,2024-02-06,3,DAIRY,63.9,0
443,2024-02-06,3,HOUSEHOLD,11.25,0
444,2024-02-07,1,GROCERY,188.42,0
445,2024-02-07,1,PRODUCE,60.55,0
446,2024-02-07,1,DAIRY,66.73,0
447,2024-02-07,1,HOUSEHOLD,11.69,0
448,2024-02-07,2,GROCERY,219.07,0
449,2024-02-07,2,PRODUCE,63.41,0
450,2024-02-07,2,DAIRY,105.21,0
451,2024-02-07,2,HOUSEHOLD,18.01,0
452,2024-02-07,3,GROCERY,219.08,0
453,2024-02-07,3,PRODUCE,140.59,0
454,2024-02-07,3,DAIRY,100.95,0
455,2024-02-07,3,HOUSEHOLD,83.66,0
456,2024-02-08,1,GROCERY,169.54,0
457,2024-02-08,1,PRODUCE,47.99,0
458,2024-02-08,1,DAIRY,62.61,0
459,2024-02-08,1,HOUSEHOLD,22.26,0
460,2024-02-08,2,GROCERY,222.04,0
461,2024-02-08,2,PRODUCE,130.9,0
462,2024-02-08,2,DAIRY,83.28,0
463,2024-02-08,2,HOUSEHOLD,58.72,0
464,2024-02-08,3,GROCERY,226.1,0
465,2024-02-08,3,PRODUCE,126.81,0
466,2024-02-08,3,DAIRY,103.86,0
467,2024-02-08,3,HOUSEHOLD,86.39,0
468,2024-02-09,1,GROCERY,165.29,0
469,2024-02-09,1,PRODUCE,79.89,0
470,2024-02-09,1,DAIRY,56.57,0
471,2024-02-09,1,HOUSEHOLD,44.8,0
472,2024-02-09,2,GROCERY,190.02,0
473,2024-02-09,2,PRODUCE,129.19,0
474,2024-02-09,2,DAIRY,56.02,0
475,2024-02-09,2,HOUSEHOLD,62.56,0
476,2024-02-09,3,GROCERY,202.99,0
477,2024-02-09,3,PRODUCE,92.49,0
478,2024-02-09,3,DAIRY,119.85,0
479,2024-02-09,3,HOUSEHOLD,11.25,3
480,2024-02-10,1,GROCERY,198.96,0
481,2024-02-10,1,PRODUCE,114.91,0
482,2024-02-10,1,DAIRY,68.66,0
483,2024-02-10,1,HOUSEHOLD,67.91,0
484,2024-02-10,2,GROCERY,289.68,0
485,2024-02-10,2,PRODUCE,28.83,0
486,2024-02-10,2,DAIRY,75.62,0
487,2024-02-10,2,HOUSEHOLD,62.07,3
488,2024-02-10,3,GROCERY,244.79,0
489,2024-02-10,3,PRODUCE,136.14,0
490,2024-02-10,3,DAIRY,148.46,3
491,2024-02-10,3,HOUSEHOLD,70.1,3
492,2024-02-11,1,GROCERY,195.66,0
493,2024-02-11,1,PRODUCE,115.94,0
494,2024-02-11,1,DAIRY,72.06,0
495,2024-02-11,1,HOUSEHOLD,60.19,3
496,2024-02-11,2,GROCERY,231.11,0
497,2024-02-11,2,PRODUCE,155.06,0
498,2024-02-11,2,DAIRY,111.54,3
499,2024-02-11,2,HOUSEHOLD,45.52,3
500,2024-02-11,3,GROCERY,284.53,0
501,2024-02-11,3,PRODUCE,181.02,3
502,2024-02-11,3,DAIRY,118.7,3
503,2024-02-11,3,HOUSEHOLD,81.2,0
504,2024-02-12,1,GROCERY,196.12,0
505,2024-02-12,1,PRODUCE,102.21,0
506,2024-02-12,1,DAIRY,94.89,3
507,2024-02-12,1,HOUSEHOLD,42.87,3
508,2024-02-12,2,GROCERY,227.75,0
509,2024-02-12,2,PRODUCE,153.2,3
510,2024-02-12,2,DAIRY,106.38,3
511,2024-02-12,2,HOUSEHOLD,58.78,0
512,2024-02-12,3,GROCERY,293.03,3
513,2024-02-12,3,PRODUCE,98.56,3
514,2024-02-12,3,DAIRY,101.35,0
515,2024-02-12,3,HOUSEHOLD,0,0
516,2024-02-13,1,GROCERY,167.69,0
517,2024-02-13,1,PRODUCE,130.37,3
518,2024-02-13,1,DAIRY,102.57,3
519,2024-02-13,1,HOUSEHOLD,35.34,0
520,2024-02-13,2,GROCERY,273.53,3
521,2024-02-13,2,PRODUCE,136.7,3
522,2024-02-13,2,DAIRY,69.71,0
523,2024-02-13,2,HOUSEHOLD,8.92,0
524,2024-02-13,3,GROCERY,257.01,3
525,2024-02-13,3,PRODUCE,61.07,0
526,2024-02-13,3,DAIRY,112.51,0
527,2024-02-13,3,HOUSEHOLD,41.75,0
528,2024-02-14,1,GROCERY,215.32,3
529,2024-02-14,1,PRODUCE,115.25,3
530,2024-02-14,1,DAIRY,83.13,0
531,2024-02-14,1,HOUSEHOLD,51.7,0
532,2024-02-14,2,GROCERY,227.24,3
533,2024-02-14,2,PRODUCE,101.52,0
534,2024-02-14,2,DAIRY,77.32,0
535,2024-02-14,2,HOUSEHOLD,4.32,0
536,2024-02-14,3,GROCERY,262.24,0
537,2024-02-14,3,PRODUCE,198.85,0
538,2024-02-14,3,DAIRY,100.96,0
539,2024-02-14,3,HOUSEHOLD,34.37,0
540,2024-02-15,1,GROCERY,228.09,3
541,2024-02-15,1,PRODUCE,5.79,0
542,2024-02-15,1,DAIRY,72.27,0
543,2024-02-15,1,HOUSEHOLD,35.26,0
544,2024-02-15,2,GROCERY,191.35,0
545,2024-02-15,2,PRODUCE,177.65,0
546,2024-02-15,2,DAIRY,100.55,0
547,2024-02-15,2,HOUSEHOLD,34.21,0
548,2024-02-15,3,GROCERY,240.25,0
549,2024-02-15,3,PRODUCE,113.94,0
550,2024-02-15,3,DAIRY,91.83,0
551,2024-02-15,3,HOUSEHOLD,13.24,0
552,2024-02-16,1,GROCERY,196.06,0
553,2024-02-16,1,PRODUCE,131.88,0
554,2024-02-16,1,DAIRY,80.16,0
555,2024-02-16,1,HOUSEHOLD,13.02,0
556,2024-02-16,2,GROCERY,256.93,0
557,2024-02-16,2,PRODUCE,204.68,0
558,2024-02-16,2,DAIRY,88.56,0
559,2024-02-16,2,HOUSEHOLD,20.09,0
560,2024-02-16,3,GROCERY,217.71,0
561,2024-02-16,3,PRODUCE,157.58,0
562,2024-02-16,3,DAIRY,84.6,0
563,2024-02-16,3,HOUSEHOLD,46.36,0
564,2024-02-17,1,GROCERY,228.4,0
565,2024-02-17,1,PRODUCE,44.59,0
566,2024-02-17,1,DAIRY,114.56,0
567,2024-02-17,1,HOUSEHOLD,73.13,0
568,2024-02-17,2,GROCERY,210.25,0
569,2024-02-17,2,PRODUCE,59.61,0
570,2024-02-17,2,DAIRY,97.63,0
571,2024-02-17,2,HOUSEHOLD,20.78,0
572,2024-02-17,3,GROCERY,282.56,0
573,2024-02-17,3,PRODUCE,0,0
574,2024-02-17,3,DAIRY,116.58,0
575,2024-02-17,3,HOUSEHOLD,113.0,0
576,2024-02-18,1,GROCERY,175.09,0
577,2024-02-18,1,PRODUCE,100.05,0
578,2024-02-18,1,DAIRY,61.65,0
579,2024-02-18,1,HOUSEHOLD,53.11,0
580,2024-02-18,2,GROCERY,240.42,0
581,2024-02-18,2,PRODUCE,243.85,0
582,2024-02-18,2,DAIRY,106.79,0
583,2024-02-18,2,HOUSEHOLD,38.21,0
584,2024-02-18,3,GROCERY,311.32,0
585,2024-02-18,3,PRODUCE,129.39,0
586,2024-02-18,3,DAIRY,92.35,0
587,2024-02-18,3,HOUSEHOLD,59.59,3
588,2024-02-19,1,GROCERY,165.08,0
589,2024-02-19,1,PRODUCE,99.91,0
590,2024-02-19,1,DAIRY,75.0,0
591,2024-02-19,1,HOUSEHOLD,23.58,0
592,2024-02-19,2,GROCERY,216.51,0
593,2024-02-19,2,PRODUCE,194.07,0
594,2024-02-19,2,DAIRY,68.75,0
595,2024-02-19,2,HOUSEHOLD,70.53,3
596,2024-02-19,3,GROCERY,236.46,0
597,2024-02-19,3,PRODUCE,93.82,0
598,2024-02-19,3,DAIRY,174.98,3
599,2024-02-19,3,HOUSEHOLD,46.26,3
600,2024-02-20,1,GROCERY,196.5,0
601,2024-02-20,1,PRODUCE,124.41,0
602,2024-02-20,1,DAIRY,49.04,0
603,2024-02-20,1,HOUSEHOLD,31.49,3
604,2024-02-20,2,GROCERY,193.25,0
605,2024-02-20,2,PRODUCE,53.08,0
606,2024-02-20,2,DAIRY,70.24,3
607,2024-02-20,2,HOUSEHOLD,38.12,3
608,2024-02-20,3,GROCERY,261.01,0
609,2024-02-20,3,PRODUCE,187.89,3
610,2024-02-20,3,DAIRY,115.17,3
611,2024-02-20,3,HOUSEHOLD,26.58,0
612,2024-02-21,1,GROCERY,148.89,0
613,2024-02-21,1,PRODUCE,72.99,0
614,2024-02-21,1,DAIRY,68.74,3
615,2024-02-21,1,HOUSEHOLD,26.25,3
616,2024-02-21,2,GROCERY,205.85,0
617,2024-02-21,2,PRODUCE,88.29,3
618,2024-02-21,2,DAIRY,98.9,3
619,2024-02-21,2,HOUSEHOLD,23.35,0
620,2024-02-21,3,GROCERY,292.58,3
621,2024-02-21,3,PRODUCE,195.62,3
622,2024-02-21,3,DAIRY,104.9,0
623,2024-02-21,3,HOUSEHOLD,59.75,0
624,2024-02-22,1,GROCERY,135.51,0
625,2024-02-22,1,PRODUCE,95.61,3
626,2024-02-22,1,DAIRY,88.72,3
627,2024-02-22,1,HOUSEHOLD,44.45,0
628,2024-02-22,2,GROCERY,200.36,3
629,2024-02-22,2,PRODUCE,146.49,3
630,2024-02-22,2,DAIRY,104.77,0
631,2024-02-22,2,HOUSEHOLD,36.22,0
632,2024-02-22,3,GROCERY,289.64,3
633,2024-02-22,3,PRODUCE,160.07,0
634,2024-02-22,3,DAIRY,106.25,0
635,2024-02-22,3,HOUSEHOLD,65.09,0
636,2024-02-23,1,GROCERY,204.75,3
637,2024-02-23,1,PRODUCE,119.65,3
638,2024-02-23,1,DAIRY,60.55,0
639,2024-02-23,1,HOUSEHOLD,29.81,0
640,2024-02-23,2,GROCERY,285.4,3
641,2024-02-23,2,PRODUCE,105.48,0
642,2024-02-23,2,DAIRY,83.53,0
643,2024-02-23,2,HOUSEHOLD,29.33,0
644,2024-02-23,3,GROCERY,267.42,0
645,2024-02-23,3,PRODUCE,89.34,0
646,2024-02-23,3,DAIRY,118.49,0
647,2024-02-23,3,HOUSEHOLD,23.03,0
648,2024-02-24,1,GROCERY,212.83,3
649,2024-02-24,1,PRODUCE,122.16,0
650,2024-02-24,1,DAIRY,86.63,0
651,2024-02-24,1,HOUSEHOLD,45.97,0
652,2024-02-24,2,GROCERY,279.95,0
653,2024-02-24,2,PRODUCE,115.18,0
654,2024-02-24,2,DAIRY,111.7,0
655,2024-02-24,2,HOUSEHOLD,24.12,0
656,2024-02-24,3,GROCERY,337.77,0
657,2024-02-24,3,PRODUCE,204.26,0
658,2024-02-24,3,DAIRY,134.07,0
659,2024-02-24,3,HOUSEHOLD,62.95,0
660,2024-02-25,1,GROCERY,184.14,0
661,2024-02-25,1,PRODUCE,98.16,0
662,2024-02-25,1,DAIRY,92.36,0
663,2024-02-25,1,HOUSEHOLD,39.12,0
664,2024-02-25,2,GROCERY,252.18,0
665,2024-02-25,2,PRODUCE,62.96,0
666,2024-02-25,2,DAIRY,106.91,0
667,2024-02-25,2,HOUSEHOLD,29.93,0
668,2024-02-25,3,GROCERY,255.49,0
669,2024-02-25,3,PRODUCE,153.06,0
670,2024-02-25,3,DAIRY,81.47,0
671,2024-02-25,3,HOUSEHOLD,79.04,0
672,2024-02-26,1,GROCERY,186.9,0
673,2024-02-26,1,PRODUCE,92.19,0
674,2024-02-26,1,DAIRY,58.01,0
675,2024-02-26,1,HOUSEHOLD,15.83,0
676,2024-02-26,2,GROCERY,203.48,0
677,2024-02-26,2,PRODUCE,3.51,0
678,2024-02-26,2,DAIRY,89.16,0
679,2024-02-26,2,HOUSEHOLD,55.02,0
680,2024-02-26,3,GROCERY,235.75,0
681,2024-02-26,3,PRODUCE,109.16,0
682,2024-02-26,3,DAIRY,105.39,0
683,2024-02-26,3,HOUSEHOLD,56.81,0
684,2024-02-27,1,GROCERY,191.98,0
685,2024-02-27,1,PRODUCE,94.97,0
686,2024-02-27,1,DAIRY,61.93,0
687,2024-02-27,1,HOUSEHOLD,24.63,0
688,2024-02-27,2,GROCERY,211.93,0
689,2024-02-27,2,PRODUCE,186.95,0
690,2024-02-27,2,DAIRY,81.44,0
691,2024-02-27,2,HOUSEHOLD,16.98,0
692,2024-02-27,3,GROCERY,219.52,0
693,2024-02-27,3,PRODUCE,21.99,0
694,2024-02-27,3,DAIRY,108.19,0
695,2024-02-27,3,HOUSEHOLD,10.78,3
696,2024-02-28,1,GROCERY,144.69,0
697,2024-02-28,1,PRODUCE,19.78,0
698,2024-02-28,1,DAIRY,56.52,0
699,2024-02-28,1,HOUSEHOLD,43.35,0
700,2024-02-28,2,GROCERY,174.91,0
701,2024-02-28,2,PRODUCE,34.61,0
702,2024-02-28,2,DAIRY,89.26,0
703,2024-02-28,2,HOUSEHOLD,29.51,3
704,2024-02-28,3,GROCERY,258.03,0
705,2024-02-28,3,PRODUCE,176.65,0
706,2024-02-28,3,DAIRY,122.47,3
707,2024-02-28,3,HOUSEHOLD,12.29,3
708,2024-02-29,1,GROCERY,167.44,0
709,2024-02-29,1,PRODUCE,113.32,0
710,2024-02-29,1,DAIRY,63.39,0
711,2024-02-29,1,HOUSEHOLD,6.23,3
712,2024-02-29,2,GROCERY,235.22,0
713,2024-02-29,2,PRODUCE,96.24,0
714,2024-02-29,2,DAIRY,96.22,3
715,2024-02-29,2,HOUSEHOLD,36.67,3
716,2024-02-29,3,GROCERY,275.86,0
717,2024-02-29,3,PRODUCE,180.93,3
718,2024-02-29,3,DAIRY,115.39,3
719,2024-02-29,3,HOUSEHOLD,65.65,0
720,2024-03-01,1,GROCERY,213.93,0
721,2024-03-01,1,PRODUCE,146.96,0
722,2024-03-01,1,DAIRY,95.35,3
723,2024-03-01,1,HOUSEHOLD,11.39,3
724,2024-03-01,2,GROCERY,301.51,0
725,2024-03-01,2,PRODUCE,72.15,3
726,2024-03-01,2,DAIRY,96.99,3
727,2024-03-01,2,HOUSEHOLD,24.86,0
728,2024-03-01,3,GROCERY,352.4,3
729,2024-03-01,3,PRODUCE,191.33,3
730,2024-03-01,3,DAIRY,76.08,0
731,2024-03-01,3,HOUSEHOLD,54.81,0
732,2024-03-02,1,GROCERY,217.69,0
733,2024-03-02,1,PRODUCE,118.84,3
734,2024-03-02,1,DAIRY,79.71,3
735,2024-03-02,1,HOUSEHOLD,23.88,0
736,2024-03-02,2,GROCERY,283.91,3
737,2024-03-02,2,PRODUCE,167.97,3
738,2024-03-02,2,DAIRY,94.3,0
739,2024-03-02,2,HOUSEHOLD,68.18,0
740,2024-03-02,3,GROCERY,313.72,3
741,2024-03-02,3,PRODUCE,50.4,0
742,2024-03-02,3,DAIRY,106.58,0
743,2024-03-02,3,HOUSEHOLD,99.94,0
744,2024-03-03,1,GROCERY,228.46,3
745,2024-03-03,1,PRODUCE,263.91,3
746,2024-03-03,1,DAIRY,92.72,0
747,2024-03-03,1,HOUSEHOLD,14.29,0
748,2024-03-03,2,GROCERY,269.83,3
749,2024-03-03,2,PRODUCE,152.33,0
750,2024-03-03,2,DAIRY,82.05,0
751,2024-03-03,2,HOUSEHOLD,112.04,0
752,2024-03-03,3,GROCERY,260.19,0
753,2024-03-03,3,PRODUCE,208.75,0
754,2024-03-03,3,DAIRY,155.38,0
755,2024-03-03,3,HOUSEHOLD,53.97,0
756,2024-03-04,1,GROCERY,180.15,3
757,2024-03-04,1,PRODUCE,84.38,0
758,2024-03-04,1,DAIRY,75.68,0
759,2024-03-04,1,HOUSEHOLD,49.12,0
760,2024-03-04,2,GROCERY,209.81,0
761,2024-03-04,2,PRODUCE,50.93,0
762,2024-03-04,2,DAIRY,87.49,0
763,2024-03-04,2,HOUSEHOLD,25.51,0
764,2024-03-04,3,GROCERY,181.76,0
765,2024-03-04,3,PRODUCE,98.65,0
766,2024-03-04,3,DAIRY,76.16,0
767,2024-03-04,3,HOUSEHOLD,63.35,0
768,2024-03-05,1,GROCERY,210.45,0
769,2024-03-05,1,PRODUCE,165.28,0
770,2024-03-05,1,DAIRY,63.76,0
771,2024-03-05,1,HOUSEHOLD,24.65,0
772,2024-03-05,2,GROCERY,225.8,0
773,2024-03-05,2,PRODUCE,165.05,0
774,2024-03-05,2,DAIRY,80.35,0
775,2024-03-05,2,HOUSEHOLD,37.37,0
776,2024-03-05,3,GROCERY,311.76,0
777,2024-03-05,3,PRODUCE,131.05,0
778,2024-03-05,3,DAIRY,93.73,0
779,2024-03-05,3,HOUSEHOLD,51.09,0
780,2024-03-06,1,GROCERY,182.65,0
781,2024-03-06,1,PRODUCE,56.1,0
782,2024-03-06,1,DAIRY,67.97,0
783,2024-03-06,1,HOUSEHOLD,11.9,0
784,2024-03-06,2,GROCERY,201.76,0
785,2024-03-06,2,PRODUCE,203.02,0
786,2024-03-06,2,DAIRY,98.58,0
787,2024-03-06,2,HOUSEHOLD,38.52,0
788,2024-03-06,3,GROCERY,219.05,0
789,2024-03-06,3,PRODUCE,119.97,0
790,2024-03-06,3,DAIRY,122.22,0
791,2024-03-06,3,HOUSEHOLD,33.15,0
792,2024-03-07,1,GROCERY,200.66,0
793,2024-03-07,1,PRODUCE,42.78,0
794,2024-03-07,1,DAIRY,67.49,0
795,2024-03-07,1,HOUSEHOLD,65.09,0
796,2024-03-07,2,GROCERY,158.56,0
797,2024-03-07,2,PRODUCE,171.22,0
798,2024-03-07,2,DAIRY,58.03,0
799,2024-03-07,2,HOUSEHOLD,38.61,0
800,2024-03-07,3,GROCERY,241.76,0
801,2024-03-07,3,PRODUCE,182.37,0
802,2024-03-07,3,DAIRY,44.46,0
803,2024-03-07,3,HOUSEHOLD,0,3
804,2024-03-08,1,GROCERY,159.43,0
805,2024-03-08,1,PRODUCE,96.43,0
806,2024-03-08,1,DAIRY,59.81,0
807,2024-03-08,1,HOUSEHOLD,29.22,0
808,2024-03-08,2,GROCERY,179.3,0
809,2024-03-08,2,PRODUCE,97.5,0
810,2024-03-08,2,DAIRY,73.83,0
811,2024-03-08,2,HOUSEHOLD,41.49,3
812,2024-03-08,3,GROCERY,264.3,0
813,2024-03-08,3,PRODUCE,215.93,0
814,2024-03-08,3,DAIRY,108.94,3
815,2024-03-08,3,HOUSEHOLD,35.67,3
816,2024-03-09,1,GROCERY,206.59,0
817,2024-03-09,1,PRODUCE,100.66,0
818,2024-03-09,1,DAIRY,84.79,0
819,2024-03-09,1,HOUSEHOLD,5.06,3
820,2024-03-09,2,GROCERY,262.26,0
821,2024-03-09,2,PRODUCE,88.42,0
822,2024-03-09,2,DAIRY,103.91,3
823,2024-03-09,2,HOUSEHOLD,5.56,3
824,2024-03-09,3,GROCERY,338.05,0
825,2024-03-09,3,PRODUCE,186.68,3
826,2024-03-09,3,DAIRY,179.05,3
827,2024-03-09,3,HOUSEHOLD,66.33,0
828,2024-03-10,1,GROCERY,163.56,0
829,2024-03-10,1,PRODUCE,64.7,0
830,2024-03-10,1,DAIRY,116.81,3
831,2024-03-10,1,HOUSEHOLD,20.83,3
832,2024-03-10,2,GROCERY,218.39,0
833,2024-03-10,2,PRODUCE,155.49,3
834,2024-03-10,2,DAIRY,121.63,3
835,2024-03-10,2,HOUSEHOLD,21.67,0
836,2024-03-10,3,GROCERY,342.39,3
837,2024-03-10,3,PRODUCE,160.07,3
838,2024-03-10,3,DAIRY,66.05,0
839,2024-03-10,3,HOUSEHOLD,73.7,0
840,2024-03-11,1,GROCERY,154.76,0
841,2024-03-11,1,PRODUCE,173.94,3
842,2024-03-11,1,DAIRY,67.98,3
843,2024-03-11,1,HOUSEHOLD,4.37,0
844,2024-03-11,2,GROCERY,287.3,3
845,2024-03-11,2,PRODUCE,51.13,3
846,2024-03-11,2,DAIRY,77.31,0
847,2024-03-11,2,HOUSEHOLD,54.13,0
848,2024-03-11,3,GROCERY,285.42,3
849,2024-03-11,3,PRODUCE,46.48,0
850,2024-03-11,3,DAIRY,106.68,0
851,2024-03-11,3,HOUSEHOLD,43.01,0
852,2024-03-12,1,GROCERY,237.62,3
853,2024-03-12,1,PRODUCE,141.32,3
854,2024-03-12,1,DAIRY,110.56,0
855,2024-03-12,1,HOUSEHOLD,3.16,0
856,2024-03-12,2,GROCERY,251.0,3
857,2024-03-12,2,PRODUCE,66.8,0
858,2024-03-12,2,DAIRY,105.54,0
859,2024-03-12,2,HOUSEHOLD,59.21,0
860,2024-03-12,3,GROCERY,270.27,0
861,2024-03-12,3,PRODUCE,94.88,0
862,2024-03-12,3,DAIRY,89.42,0
863,2024-03-12,3,HOUSEHOLD,0,0
864,2024-03-13,1,GROCERY,248.34,3
865,2024-03-13,1,PRODUCE,114.79,0
866,2024-03-13,1,DAIRY,68.19,0
867,2024-03-13,1,HOUSEHOLD,50.53,0
868,2024-03-13,2,GROCERY,228.79,0
869,2024-03-13,2,PRODUCE,162.09,0
870,2024-03-13,2,DAIRY,61.89,0
871,2024-03-13,2,HOUSEHOLD,24.79,0
872,2024-03-13,3,GROCERY,253.86,0
873,2024-03-13,3,PRODUCE,157.39,0
874,2024-03-13,3,DAIRY,121.16,0
875,2024-03-13,3,HOUSEHOLD,21.47,0
876,2024-03-14,1,GROCERY,174.48,0
877,2024-03-14,1,PRODUCE,179.7,0
878,2024-03-14,1,DAIRY,80.52,0
879,2024-03-14,1,HOUSEHOLD,49.42,0
880,2024-03-14,2,GROCERY,209.56,0
881,2024-03-14,2,PRODUCE,152.52,0
882,2024-03-14,2,DAIRY,115.94,0
883,2024-03-14,2,HOUSEHOLD,43.24,0
884,2024-03-14,3,GROCERY,284.7,0
885,2024-03-14,3,PRODUCE,89.63,0
886,2024-03-14,3,DAIRY,114.42,0
887,2024-03-14,3,HOUSEHOLD,72.27,0
888,2024-03-15,1,GROCERY,156.47,0
889,2024-03-15,1,PRODUCE,137.52,0
890,2024-03-15,1,DAIRY,62.95,0
891,2024-03-15,1,HOUSEHOLD,18.63,0
892,2024-03-15,2,GROCERY,210.18,0
893,2024-03-15,2,PRODUCE,207.03,0
894,2024-03-15,2,DAIRY,92.46,0
895,2024-03-15,2,HOUSEHOLD,61.91,0
896,2024-03-15,3,GROCERY,226.61,0
897,2024-03-15,3,PRODUCE,142.3,0
898,2024-03-15,3,DAIRY,81.59,0
899,2024-03-15,3,HOUSEHOLD,33.13,0
900,2024-03-16,1,GROCERY,227.26,0
901,2024-03-16,1,PRODUCE,112.99,0
902,2024-03-16,1,DAIRY,108.54,0
903,2024-03-16,1,HOUSEHOLD,35.69,0
904,2024-03-16,2,GROCERY,246.45,0
905,2024-03-16,2,PRODUCE,211.87,0
906,2024-03-16,2,DAIRY,92.91,0
907,2024-03-16,2,HOUSEHOLD,8.06,0
908,2024-03-16,3,GROCERY,344.94,0
909,2024-03-16,3,PRODUCE,193.21,0
910,2024-03-16,3,DAIRY,75.86,0
911,2024-03-16,3,HOUSEHOLD,53.49,3
912,2024-03-17,1,GROCERY,196.7,0
913,2024-03-17,1,PRODUCE,194.99,0
914,2024-03-17,1,DAIRY,74.83,0
915,2024-03-17,1,HOUSEHOLD,27.36,0
916,2024-03-17,2,GROCERY,225.05,0
917,2024-03-17,2,PRODUCE,81.18,0
918,2024-03-17,2,DAIRY,92.0,0
919,2024-03-17,2,HOUSEHOLD,9.3,3
920,2024-03-17,3,GROCERY,261.64,0
921,2024-03-17,3,PRODUCE,59.28,0
922,2024-03-17,3,DAIRY,109.06,3
923,2024-03-17,3,HOUSEHOLD,7.43,3
924,2024-03-18,1,GROCERY,161.61,0
925,2024-03-18,1,PRODUCE,69.58,0
926,2024-03-18,1,DAIRY,55.97,0
927,2024-03-18,1,HOUSEHOLD,38.11,3
928,2024-03-18,2,GROCERY,209.49,0
929,2024-03-18,2,PRODUCE,96.83,0
930,2024-03-18,2,DAIRY,96.55,3
931,2024-03-18,2,HOUSEHOLD,69.18,3
932,2024-03-18,3,GROCERY,256.18,0
933,2024-03-18,3,PRODUCE,197.58,3
934,2024-03-18,3,DAIRY,66.55,3
935,2024-03-18,3,HOUSEHOLD,31.01,0
936,2024-03-19,1,GROCERY,127.58,0
937,2024-03-19,1,PRODUCE,79.51,0
938,2024-03-19,1,DAIRY,92.06,3
939,2024-03-19,1,HOUSEHOLD,19.0,3
940,2024-03-19,2,GROCERY,223.99,0
941,2024-03-19,2,PRODUCE,83.07,3
942,2024-03-19,2,DAIRY,116.36,3
943,2024-03-19,2,HOUSEHOLD,5.97,0
944,2024-03-19,3,GROCERY,289.66,3
945,2024-03-19,3,PRODUCE,194.04,3
946,2024-03-19,3,DAIRY,113.85,0
947,2024-03-19,3,HOUSEHOLD,45.07,0
948,2024-03-20,1,GROCERY,212.86,0
949,2024-03-20,1,PRODUCE,96.03,3
950,2024-03-20,1,DAIRY,79.32,3
951,2024-03-20,1,HOUSEHOLD,0,0
952,2024-03-20,2,GROCERY,307.0,3
953,2024-03-20,2,PRODUCE,119.92,3
954,2024-03-20,2,DAIRY,69.32,0
955,2024-03-20,2,HOUSEHOLD,70.85,0
956,2024-03-20,3,GROCERY,343.66,3
957,2024-03-20,3,PRODUCE,144.56,0
958,2024-03-20,3,DAIRY,77.08,0
959,2024-03-20,3,HOUSEHOLD,59.67,0
960,2024-03-21,1,GROCERY,191.9,3
961,2024-03-21,1,PRODUCE,61.25,3
962,2024-03-21,1,DAIRY,85.52,0
963,2024-03-21,1,HOUSEHOLD,0,0
964,2024-03-21,2,GROCERY,270.69,3
965,2024-03-21,2,PRODUCE,138.89,0
966,2024-03-21,2,DAIRY,120.49,0
967,2024-03-21,2,HOUSEHOLD,48.41,0
968,2024-03-21,3,GROCERY,187.95,0
969,2024-03-21,3,PRODUCE,92.29,0
970,2024-03-21,3,DAIRY,105.21,0
971,2024-03-21,3,HOUSEHOLD,58.02,0
972,2024-03-22,1,GROCERY,231.95,3
973,2024-03-22,1,PRODUCE,20.76,0
974,2024-03-22,1,DAIRY,67.78,0
975,2024-03-22,1,HOUSEHOLD,51.56,0
976,2024-03-22,2,GROCERY,250.53,0
977,2024-03-22,2,PRODUCE,204.84,0
978,2024-03-22,2,DAIRY,81.88,0
979,2024-03-22,2,HOUSEHOLD,65.91,0
980,2024-03-22,3,GROCERY,301.1,0
981,2024-03-22,3,PRODUCE,205.28,0
982,2024-03-22,3,DAIRY,117.64,0
983,2024-03-22,3,HOUSEHOLD,70.69,0
984,2024-03-23,1,GROCERY,188.0,0
985,2024-03-23,1,PRODUCE,48.59,0
986,2024-03-23,1,DAIRY,101.84,0
987,2024-03-23,1,HOUSEHOLD,32.67,0
988,2024-03-23,2,GROCERY,252.98,0
989,2024-03-23,2,PRODUCE,108.38,0
990,2024-03-23,2,DAIRY,98.28,0
991,2024-03-23,2,HOUSEHOLD,55.68,0
992,2024-03-23,3,GROCERY,263.2,0
993,2024-03-23,3,PRODUCE,171.23,0
994,2024-03-23,3,DAIRY,130.53,0
995,2024-03-23,3,HOUSEHOLD,55.85,0
996,2024-03-24,1,GROCERY,189.3,0
997,2024-03-24,1,PRODUCE,151.8,0
998,2024-03-24,1,DAIRY,115.79,0
999,2024-03-24,1,HOUSEHOLD,27.05,0
1000,2024-03-24,2,GROCERY,291.67,0
1001,2024-03-24,2,PRODUCE,191.33,0
1002,2024-03-24,2,DAIRY,55.3,0
1003,2024-03-24,2,HOUSEHOLD,28.72,0
1004,2024-03-24,3,GROCERY,277.31,0
1005,2024-03-24,3,PRODUCE,218.95,0
1006,2024-03-24,3,DAIRY,129.34,0
1007,2024-03-24,3,HOUSEHOLD,73.61,0
1008,2024-03-25,1,GROCERY,186.58,0
1009,2024-03-25,1,PRODUCE,61.67,0
1010,2024-03-25,1,DAIRY,62.52,0
1011,2024-03-25,1,HOUSEHOLD,11.04,0
1012,2024-03-25,2,GROCERY,207.53,0
1013,2024-03-25,2,PRODUCE,112.09,0
1014,2024-03-25,2,DAIRY,91.0,0
1015,2024-03-25,2,HOUSEHOLD,24.72,0
1016,2024-03-25,3,GROCERY,277.62,0
1017,2024-03-25,3,PRODUCE,190.13,0
1018,2024-03-25,3,DAIRY,133.37,0
1019,2024-03-25,3,HOUSEHOLD,60.96,3
1020,2024-03-26,1,GROCERY,177.34,0
1021,2024-03-26,1,PRODUCE,122.3,0
1022,2024-03-26,1,DAIRY,80.21,0
1023,2024-03-26,1,HOUSEHOLD,21.64,0
1024,2024-03-26,2,GROCERY,244.83,0
1025,2024-03-26,2,PRODUCE,198.76,0
1026,2024-03-26,2,DAIRY,119.78,0
1027,2024-03-26,2,HOUSEHOLD,37.82,3
1028,2024-03-26,3,GROCERY,260.33,0
1029,2024-03-26,3,PRODUCE,162.39,0
1030,2024-03-26,3,DAIRY,125.23,3
1031,2024-03-26,3,HOUSEHOLD,58.79,3
1032,2024-03-27,1,GROCERY,171.09,0
1033,2024-03-27,1,PRODUCE,88.97,0
1034,2024-03-27,1,DAIRY,95.24,0
1035,2024-03-27,1,HOUSEHOLD,33.13,3
1036,2024-03-27,2,GROCERY,213.9,0
1037,2024-03-27,2,PRODUCE,159.47,0
1038,2024-03-27,2,DAIRY,108.97,3
1039,2024-03-27,2,HOUSEHOLD,43.09,3
1040,2024-03-27,3,GROCERY,248.86,0
1041,2024-03-27,3,PRODUCE,85.57,3
1042,2024-03-27,3,DAIRY,124.69,3
1043,2024-03-27,3,HOUSEHOLD,18.27,0
1044,2024-03-28,1,GROCERY,178.13,0
1045,2024-03-28,1,PRODUCE,50.91,0
1046,2024-03-28,1,DAIRY,101.21,3
1047,2024-03-28,1,HOUSEHOLD,42.93,3
1048,2024-03-28,2,GROCERY,219.5,0
1049,2024-03-28,2,PRODUCE,135.9,3
1050,2024-03-28,2,DAIRY,114.13,3
1051,2024-03-28,2,HOUSEHOLD,0,0
1052,2024-03-28,3,GROCERY,261.52,3
1053,2024-03-28,3,PRODUCE,157.36,3
1054,2024-03-28,3,DAIRY,111.07,0
1055,2024-03-28,3,HOUSEHOLD,46.67,0
1056,2024-03-29,1,GROCERY,152.92,0
1057,2024-03-29,1,PRODUCE,122.11,3
1058,2024-03-29,1,DAIRY,79.84,3
1059,2024-03-29,1,HOUSEHOLD,13.94,0
1060,2024-03-29,2,GROCERY,265.11,3
1061,2024-03-29,2,PRODUCE,129.78,3
1062,2024-03-29,2,DAIRY,107.62,0
1063,2024-03-29,2,HOUSEHOLD,56.45,0
1064,2024-03-29,3,GROCERY,327.96,3
1065,2024-03-29,3,PRODUCE,157.49,0
1066,2024-03-29,3,DAIRY,88.73,0
1067,2024-03-29,3,HOUSEHOLD,23.71,0
1068,2024-03-30,1,GROCERY,206.34,3
1069,2024-03-30,1,PRODUCE,299.53,3
1070,2024-03-30,1,DAIRY,70.1,0
1071,2024-03-30,1,HOUSEHOLD,35.92,0
1072,2024-03-30,2,GROCERY,293.02,3
1073,2024-03-30,2,PRODUCE,125.85,0
1074,2024-03-30,2,DAIRY,95.16,0
1075,2024-03-30,2,HOUSEHOLD,0,0
1076,2024-03-30,3,GROCERY,265.5,0
1077,2024-03-30,3,PRODUCE,74.36,0
1078,2024-03-30,3,DAIRY,122.81,0
1079,2024-03-30,3,HOUSEHOLD,36.58,0
1080,2024-03-31,1,GROCERY,230.1,3
1081,2024-03-31,1,PRODUCE,126.13,0
1082,2024-03-31,1,DAIRY,77.94,0
1083,2024-03-31,1,HOUSEHOLD,61.47,0
1084,2024-03-31,2,GROCERY,243.58,0
1085,2024-03-31,2,PRODUCE,154.68,0
1086,2024-03-31,2,DAIRY,81.04,0
1087,2024-03-31,2,HOUSEHOLD,67.61,0
1088,2024-03-31,3,GROCERY,287.18,0
1089,2024-03-31,3,PRODUCE,195.12,0
1090,2024-03-31,3,DAIRY,133.25,0
1091,2024-03-31,3,HOUSEHOLD,53.1,0
1092,2024-04-01,1,GROCERY,178.83,0
1093,2024-04-01,1,PRODUCE,81.9,0
1094,2024-04-01,1,DAIRY,90.21,0
1095,2024-04-01,1,HOUSEHOLD,51.3,0
1096,2024-04-01,2,GROCERY,225.35,0
1097,2024-04-01,2,PRODUCE,62.48,0
1098,2024-04-01,2,DAIRY,71.19,0
1099,2024-04-01,2,HOUSEHOLD,26.3,0
1100,2024-04-01,3,GROCERY,244.34,0
1101,2024-04-01,3,PRODUCE,164.92,0
1102,2024-04-01,3,DAIRY,87.97,0
1103,2024-04-01,3,HOUSEHOLD,80.64,0
1104,2024-04-02,1,GROCERY,174.5,0
1105,2024-04-02,1,PRODUCE,18.88,0
1106,2024-04-02,1,DAIRY,66.46,0
1107,2024-04-02,1,HOUSEHOLD,0,0
1108,2024-04-02,2,GROCERY,193.95,0
1109,2024-04-02,2,PRODUCE,92.42,0
1110,2024-04-02,2,DAIRY,79.07,0
1111,2024-04-02,2,HOUSEHOLD,34.04,0
1112,2024-04-02,3,GROCERY,240.03,0
1113,2024-04-02,3,PRODUCE,106.73,0
1114,2024-04-02,3,DAIRY,133.37,0
1115,2024-04-02,3,HOUSEHOLD,81.72,0
1116,2024-04-03,1,GROCERY,150.64,0
1117,2024-04-03,1,PRODUCE,145.61,0
1118,2024-04-03,1,DAIRY,51.5,0
1119,2024-04-03,1,HOUSEHOLD,18.73,0
1120,2024-04-03,2,GROCERY,252.39,0
1121,2024-04-03,2,PRODUCE,12.35,0
1122,2024-04-03,2,DAIRY,98.09,0
1123,2024-04-03,2,HOUSEHOLD,12.88,0
1124,2024-04-03,3,GROCERY,247.78,0
1125,2024-04-03,3,PRODUCE,129.98,0
1126,2024-04-03,3,DAIRY,137.15,0
1127,2024-04-03,3,HOUSEHOLD,24.45,3
1128,2024-04-04,1,GROCERY,173.24,0
1129,2024-04-04,1,PRODUCE,121.39,0
1130,2024-04-04,1,DAIRY,69.49,0
1131,2024-04-04,1,HOUSEHOLD,18.61,0
1132,2024-04-04,2,GROCERY,211.99,0
1133,2024-04-04,2,PRODUCE,123.05,0
1134,2024-04-04,2,DAIRY,103.12,0
1135,2024-04-04,2,HOUSEHOLD,17.98,3
1136,2024-04-04,3,GROCERY,238.73,0
1137,2024-04-04,3,PRODUCE,158.29,0
1138,2024-04-04,3,DAIRY,122.37,3
1139,2024-04-04,3,HOUSEHOLD,39.66,3
1140,2024-04-05,1,GROCERY,174.47,0
1141,2024-04-05,1,PRODUCE,70.09,0
1142,2024-04-05,1,DAIRY,62.36,0
1143,2024-04-05,1,HOUSEHOLD,38.01,3
1144,2024-04-05,2,GROCERY,185.6,0
1145,2024-04-05,2,PRODUCE,174.04,0
1146,2024-04-05,2,DAIRY,111.02,3
1147,2024-04-05,2,HOUSEHOLD,11.14,3
1148,2024-04-05,3,GROCERY,261.1,0
1149,2024-04-05,3,PRODUCE,179.61,3
1150,2024-04-05,3,DAIRY,143.58,3
1151,2024-04-05,3,HOUSEHOLD,80.4,0
1152,2024-04-06,1,GROCERY,200.72,0
1153,2024-04-06,1,PRODUCE,83.62,0
1154,2024-04-06,1,DAIRY,93.53,3
1155,2024-04-06,1,HOUSEHOLD,16.92,3
1156,2024-04-06,2,GROCERY,233.62,0
1157,2024-04-06,2,PRODUCE,190.54,3
1158,2024-04-06,2,DAIRY,128.66,3
1159,2024-04-06,2,HOUSEHOLD,36.41,0
1160,2024-04-06,3,GROCERY,331.68,3
1161,2024-04-06,3,PRODUCE,230.31,3
1162,2024-04-06,3,DAIRY,114.95,0
1163,2024-04-06,3,HOUSEHOLD,25.23,0
1164,2024-04-07,1,GROCERY,206.29,0
1165,2024-04-07,1,PRODUCE,125.26,3
1166,2024-04-07,1,DAIRY,84.82,3
1167,2024-04-07,1,HOUSEHOLD,59.44,0
1168,2024-04-07,2,GROCERY,339.45,3
1169,2024-04-07,2,PRODUCE,174.0,3
1170,2024-04-07,2,DAIRY,109.53,0
1171,2024-04-07,2,HOUSEHOLD,64.42,0
1172,2024-04-07,3,GROCERY,362.85,3
1173,2024-04-07,3,PRODUCE,228.72,0
1174,2024-04-07,3,DAIRY,164.15,0
1175,2024-04-07,3,HOUSEHOLD,61.63,0
1176,2024-04-08,1,GROCERY,221.38,3
1177,2024-04-08,1,PRODUCE,157.63,3
1178,2024-04-08,1,DAIRY,68.57,0
1179,2024-04-08,1,HOUSEHOLD,12.93,0
1180,2024-04-08,2,GROCERY,284.95,3
1181,2024-04-08,2,PRODUCE,44.32,0
1182,2024-04-08,2,DAIRY,117.97,0
1183,2024-04-08,2,HOUSEHOLD,61.58,0
1184,2024-04-08,3,GROCERY,258.81,0
1185,2024-04-08,3,PRODUCE,143.49,0
1186,2024-04-08,3,DAIRY,138.71,0
1187,2024-04-08,3,HOUSEHOLD,23.6,0
1188,2024-04-09,1,GROCERY,181.14,3
1189,2024-04-09,1,PRODUCE,74.12,0
1190,2024-04-09,1,DAIRY,69.63,0
1191,2024-04-09,1,HOUSEHOLD,15.22,0
1192,2024-04-09,2,GROCERY,218.29,0
1193,2024-04-09,2,PRODUCE,125.55,0
1194,2024-04-09,2,DAIRY,76.22,0
1195,2024-04-09,2,HOUSEHOLD,78.42,0
1196,2024-04-09,3,GROCERY,210.99,0
1197,2024-04-09,3,PRODUCE,68.86,0
1198,2024-04-09,3,DAIRY,112.69,0
1199,2024-04-09,3,HOUSEHOLD,43.63,0
1200,2024-04-10,1,GROCERY,184.3,0
1201,2024-04-10,1,PRODUCE,73.36,0
1202,2024-04-10,1,DAIRY,59.52,0
1203,2024-04-10,1,HOUSEHOLD,22.01,0
1204,2024-04-10,2,GROCERY,196.9,0
1205,2024-04-10,2,PRODUCE,144.19,0
1206,2024-04-10,2,DAIRY,81.65,0
1207,2024-04-10,2,HOUSEHOLD,59.18,0
1208,2024-04-10,3,GROCERY,271.39,0
1209,2024-04-10,3,PRODUCE,199.45,0
1210,2024-04-10,3,DAIRY,122.75,0
1211,2024-04-10,3,HOUSEHOLD,70.56,0
1212,2024-04-11,1,GROCERY,191.86,0
1213,2024-04-11,1,PRODUCE,77.41,0
1214,2024-04-11,1,DAIRY,69.73,0
1215,2024-04-11,1,HOUSEHOLD,0,0
1216,2024-04-11,2,GROCERY,222.18,0
1217,2024-04-11,2,PRODUCE,87.12,0
1218,2024-04-11,2,DAIRY,95.91,0
1219,2024-04-11,2,HOUSEHOLD,53.85,0
1220,2024-04-11,3,GROCERY,212.53,0
1221,2024-04-11,3,PRODUCE,83.78,0
1222,2024-04-11,3,DAIRY,99.06,0
1223,2024-04-11,3,HOUSEHOLD,35.29,0
1224,2024-04-12,1,GROCERY,179.29,0
1225,2024-04-12,1,PRODUCE,52.52,0
1226,2024-04-12,1,DAIRY,73.86,0
1227,2024-04-12,1,HOUSEHOLD,2.44,0
1228,2024-04-12,2,GROCERY,159.27,0
1229,2024-04-12,2,PRODUCE,153.56,0
1230,2024-04-12,2,DAIRY,68.48,0
1231,2024-04-12,2,HOUSEHOLD,28.91,0
1232,2024-04-12,3,GROCERY,210.71,0
1233,2024-04-12,3,PRODUCE,61.56,0
1234,2024-04-12,3,DAIRY,98.19,0
1235,2024-04-12,3,HOUSEHOLD,34.41,3
1236,2024-04-13,1,GROCERY,235.98,0
1237,2024-04-13,1,PRODUCE,138.36,0
1238,2024-04-13,1,DAIRY,83.82,0
1239,2024-04-13,1,HOUSEHOLD,58.15,0
1240,2024-04-13,2,GROCERY,292.56,0
1241,2024-04-13,2,PRODUCE,166.91,0
1242,2024-04-13,2,DAIRY,99.64,0
1243,2024-04-13,2,HOUSEHOLD,70.44,3
1244,2024-04-13,3,GROCERY,369.61,0
1245,2024-04-13,3,PRODUCE,214.15,0
1246,2024-04-13,3,DAIRY,201.04,3
1247,2024-04-13,3,HOUSEHOLD,80.55,3
1248,2024-04-14,1,GROCERY,232.77,0
1249,2024-04-14,1,PRODUCE,66.18,0
1250,2024-04-14,1,DAIRY,70.38,0
1251,2024-04-14,1,HOUSEHOLD,35.96,3
1252,2024-04-14,2,GROCERY,206.47,0
1253,2024-04-14,2,PRODUCE,109.42,0
1254,2024-04-14,2,DAIRY,149.25,3
1255,2024-04-14,2,HOUSEHOLD,28.65,3
1256,2024-04-14,3,GROCERY,324.66,0
1257,2024-04-14,3,PRODUCE,93.47,3
1258,2024-04-14,3,DAIRY,139.01,3
1259,2024-04-14,3,HOUSEHOLD,92.73,0
1260,2024-04-15,1,GROCERY,180.58,0
1261,2024-04-15,1,PRODUCE,109.24,0
1262,2024-04-15,1,DAIRY,115.12,3
1263,2024-04-15,1,HOUSEHOLD,52.82,3
1264,2024-04-15,2,GROCERY,192.67,0
1265,2024-04-15,2,PRODUCE,219.22,3
1266,2024-04-15,2,DAIRY,95.74,3
1267,2024-04-15,2,HOUSEHOLD,41.46,0
1268,2024-04-15,3,GROCERY,305.93,3
1269,2024-04-15,3,PRODUCE,242.47,3
1270,2024-04-15,3,DAIRY,84.48,0
1271,2024-04-15,3,HOUSEHOLD,61.78,0
1272,2024-04-16,1,GROCERY,187.4,0
1273,2024-04-16,1,PRODUCE,155.69,3
1274,2024-04-16,1,DAIRY,84.82,3
1275,2024-04-16,1,HOUSEHOLD,53.2,0
1276,2024-04-16,2,GROCERY,236.51,3
1277,2024-04-16,2,PRODUCE,209.57,3
1278,2024-04-16,2,DAIRY,95.48,0
1279,2024-04-16,2,HOUSEHOLD,9.64,0
1280,2024-04-16,3,GROCERY,320.56,3
1281,2024-04-16,3,PRODUCE,151.63,0
1282,2024-04-16,3,DAIRY,99.32,0
1283,2024-04-16,3,HOUSEHOLD,29.47,0
1284,2024-04-17,1,GROCERY,205.63,3
1285,2024-04-17,1,PRODUCE,49.77,3
1286,2024-04-17,1,DAIRY,95.89,0
1287,2024-04-17,1,HOUSEHOLD,13.02,0
1288,2024-04-17,2,GROCERY,238.25,3
1289,2024-04-17,2,PRODUCE,174.68,0
1290,2024-04-17,2,DAIRY,99.32,0
1291,2024-04-17,2,HOUSEHOLD,58.54,0
1292,2024-04-17,3,GROCERY,301.25,0
1293,2024-04-17,3,PRODUCE,123.91,0
1294,2024-04-17,3,DAIRY,86.19,0
1295,2024-04-17,3,HOUSEHOLD,72.57,0
1296,2024-04-18,1,GROCERY,232.14,3
1297,2024-04-18,1,PRODUCE,85.27,0
1298,2024-04-18,1,DAIRY,56.81,0
1299,2024-04-18,1,HOUSEHOLD,57.74,0
1300,2024-04-18,2,GROCERY,230.73,0
1301,2024-04-18,2,PRODUCE,54.03,0
1302,2024-04-18,2,DAIRY,102.55,0
1303,2024-04-18,2,HOUSEHOLD,8.71,0
1304,2024-04-18,3,GROCERY,240.29,0
1305,2024-04-18,3,PRODUCE,78.03,0
1306,2024-04-18,3,DAIRY,94.07,0
1307,2024-04-18,3,HOUSEHOLD,26.86,0
1308,2024-04-19,1,GROCERY,163.71,0
1309,2024-04-19,1,PRODUCE,126.62,0
1310,2024-04-19,1,DAIRY,77.54,0
1311,2024-04-19,1,HOUSEHOLD,46.24,0
1312,2024-04-19,2,GROCERY,244.3,0
1313,2024-04-19,2,PRODUCE,102.1,0
1314,2024-04-19,2,DAIRY,91.29,0
1315,2024-04-19,2,HOUSEHOLD,54.43,0
1316,2024-04-19,3,GROCERY,307.53,0
1317,2024-04-19,3,PRODUCE,192.81,0
1318,2024-04-19,3,DAIRY,132.8,0
1319,2024-04-19,3,HOUSEHOLD,77.45,0
1320,2024-04-20,1,GROCERY,239.14,0
1321,2024-04-20,1,PRODUCE,33.73,0
1322,2024-04-20,1,DAIRY,102.45,0
1323,2024-04-20,1,HOUSEHOLD,46.1,0
1324,2024-04-20,2,GROCERY,261.07,0
1325,2024-04-20,2,PRODUCE,113.71,0
1326,2024-04-20,2,DAIRY,99.8,0
1327,2024-04-20,2,HOUSEHOLD,61.98,0
1328,2024-04-20,3,GROCERY,337.44,0
1329,2024-04-20,3,PRODUCE,68.27,0
1330,2024-04-20,3,DAIRY,132.74,0
1331,2024-04-20,3,HOUSEHOLD,41.22,0
1332,2024-04-21,1,GROCERY,188.15,0
1333,2024-04-21,1,PRODUCE,136.52,0
1334,2024-04-21,1,DAIRY,83.26,0
1335,2024-04-21,1,HOUSEHOLD,26.33,0
1336,2024-04-21,2,GROCERY,235.62,0
1337,2024-04-21,2,PRODUCE,160.44,0
1338,2024-04-21,2,DAIRY,107.96,0
1339,2024-04-21,2,HOUSEHOLD,20.17,0
1340,2024-04-21,3,GROCERY,275.81,0
1341,2024-04-21,3,PRODUCE,157.99,0
1342,2024-04-21,3,DAIRY,137.14,0
1343,2024-04-21,3,HOUSEHOLD,22.69,3
1344,2024-04-22,1,GROCERY,187.49,0
1345,2024-04-22,1,PRODUCE,65.97,0
1346,2024-04-22,1,DAIRY,110.04,0
1347,2024-04-22,1,HOUSEHOLD,16.62,0
1348,2024-04-22,2,GROCERY,195.95,0
1349,2024-04-22,2,PRODUCE,129.6,0
1350,2024-04-22,2,DAIRY,75.55,0
1351,2024-04-22,2,HOUSEHOLD,55.13,3
1352,2024-04-22,3,GROCERY,311.14,0
1353,2024-04-22,3,PRODUCE,120.1,0
1354,2024-04-22,3,DAIRY,131.9,3
1355,2024-04-22,3,HOUSEHOLD,32.02,3
1356,2024-04-23,1,GROCERY,177.25,0
1357,2024-04-23,1,PRODUCE,154.87,0
1358,2024-04-23,1,DAIRY,85.74,0
1359,2024-04-23,1,HOUSEHOLD,15.59,3
1360,2024-04-23,2,GROCERY,256.83,0
1361,2024-04-23,2,PRODUCE,176.3,0
1362,2024-04-23,2,DAIRY,117.81,3
1363,2024-04-23,2,HOUSEHOLD,24.17,3
1364,2024-04-23,3,GROCERY,258.05,0
1365,2024-04-23,3,PRODUCE,116.38,3
1366,2024-04-23,3,DAIRY,138.79,3
1367,2024-04-23,3,HOUSEHOLD,41.12,0
1368,2024-04-24,1,GROCERY,129.81,0
1369,2024-04-24,1,PRODUCE,135.06,0
1370,2024-04-24,1,DAIRY,91.75,3
1371,2024-04-24,1,HOUSEHOLD,49.46,3
1372,2024-04-24,2,GROCERY,213.27,0
1373,2024-04-24,2,PRODUCE,155.44,3
1374,2024-04-24,2,DAIRY,130.17,3
1375,2024-04-24,2,HOUSEHOLD,51.15,0
1376,2024-04-24,3,GROCERY,318.1,3
1377,2024-04-24,3,PRODUCE,390.45,3
1378,2024-04-24,3,DAIRY,103.51,0
1379,2024-04-24,3,HOUSEHOLD,54.46,0
1380,2024-04-25,1,GROCERY,214.47,0
1381,2024-04-25,1,PRODUCE,80.24,3
1382,2024-04-25,1,DAIRY,72.13,3
1383,2024-04-25,1,HOUSEHOLD,7.33,0
1384,2024-04-25,2,GROCERY,277.04,3
1385,2024-04-25,2,PRODUCE,180.85,3
1386,2024-04-25,2,DAIRY,102.47,0
1387,2024-04-25,2,HOUSEHOLD,10.78,0
1388,2024-04-25,3,GROCERY,344.85,3
1389,2024-04-25,3,PRODUCE,210.68,0
1390,2024-04-25,3,DAIRY,104.97,0
1391,2024-04-25,3,HOUSEHOLD,50.75,0
1392,2024-04-26,1,GROCERY,230.48,3
1393,2024-04-26,1,PRODUCE,135.83,3
1394,2024-04-26,1,DAIRY,82.58,0
1395,2024-04-26,1,HOUSEHOLD,13.91,0
1396,2024-04-26,2,GROCERY,255.11,3
1397,2024-04-26,2,PRODUCE,62.13,0
1398,2024-04-26,2,DAIRY,100.76,0
1399,2024-04-26,2,HOUSEHOLD,54.53,0
1400,2024-04-26,3,GROCERY,253.58,0
1401,2024-04-26,3,PRODUCE,159.49,0
1402,2024-04-26,3,DAIRY,76.97,0
1403,2024-04-26,3,HOUSEHOLD,73.44,0
1404,2024-04-27,1,GROCERY,241.67,3
1405,2024-04-27,1,PRODUCE,124.65,0
1406,2024-04-27,1,DAIRY,106.75,0
1407,2024-04-27,1,HOUSEHOLD,24.22,0
1408,2024-04-27,2,GROCERY,298.23,0
1409,2024-04-27,2,PRODUCE,152.06,0
1410,2024-04-27,2,DAIRY,109.2,0
1411,2024-04-27,2,HOUSEHOLD,66.21,0
1412,2024-04-27,3,GROCERY,262.06,0
1413,2024-04-27,3,PRODUCE,211.9,0
1414,2024-04-27,3,DAIRY,129.83,0
1415,2024-04-27,3,HOUSEHOLD,94.08,0
1416,2024-04-28,1,GROCERY,207.96,0
1417,2024-04-28,1,PRODUCE,101.38,0
1418,2024-04-28,1,DAIRY,94.88,0
1419,2024-04-28,1,HOUSEHOLD,40.16,0
1420,2024-04-28,2,GROCERY,224.2,0
1421,2024-04-28,2,PRODUCE,133.73,0
1422,2024-04-28,2,DAIRY,133.55,0
1423,2024-04-28,2,HOUSEHOLD,48.14,0
1424,2024-04-28,3,GROCERY,276.2,0
1425,2024-04-28,3,PRODUCE,220.41,0
1426,2024-04-28,3,DAIRY,85.63,0
1427,2024-04-28,3,HOUSEHOLD,0,0
1428,2024-04-29,1,GROCERY,177.98,0
1429,2024-04-29,1,PRODUCE,106.08,0
1430,2024-04-29,1,DAIRY,77.14,0
1431,2024-04-29,1,HOUSEHOLD,17.62,0
1432,2024-04-29,2,GROCERY,213.7,0
1433,2024-04-29,2,PRODUCE,53.26,0
1434,2024-04-29,2,DAIRY,94.27,0
1435,2024-04-29,2,HOUSEHOLD,4.72,0
1436,2024-04-29,3,GROCERY,252.6,0
1437,2024-04-29,3,PRODUCE,157.84,0
1438,2024-04-29,3,DAIRY,73.28,0
1439,2024-04-29,3,HOUSEHOLD,35.64,0
